{"epoch":49,"train/loss":4.101589244444444e+08,"val/loss":4.50569696e+08,"lr":1.5625e-05,"_timestamp":1.738946470458403e+09,"_runtime":60.25361562,"_step":48,"_wandb":{"runtime":60}}