{"_step":62,"epoch":620,"_timestamp":1.740069558239572e+09,"val/loss":2.3030104637145996,"_runtime":136.637456128,"_wandb":{"runtime":136},"RMSE":2.470945119857788,"lr":0.01,"Pearson":0.2649848759174347,"train/loss":2.4418559074401855}