{"_timestamp":1.739182098901176e+09,"_runtime":147.028428408,"_wandb":{"runtime":147},"_step":99,"epoch":100,"train/loss":4.198009493333333e+08,"val/loss":4.49641776e+08,"lr":0.0006916503744663625}