{"epoch":17,"train/loss":Infinity,"val/loss":Infinity,"lr":0.007270225503447865,"_timestamp":1.7391826243189163e+09,"_runtime":27.838370041,"_wandb":{"runtime":28},"_step":16}