{"val/loss":2.3037102222442627,"_step":86,"test/true_vs_pred_table":{"artifact_path":"wandb-client-artifact://j813bl2aqde4dcopq34jony6nbibddkxtz2sx3w1gfcx86zgp8zurc1f9bn9c63h968o2pwodm04bvdqvziczr6g03ownhxexb9v6hj4izhpbzig6e3g8vt9tn37y7t2/test/true_vs_pred_table.table.json","_latest_artifact_path":"wandb-client-artifact://g7j972g8yrc60fb08x9bsenavtwffl3nysb1dcmvef283jnkt1dowkj7llt017gely4w3l6hggm1k05otqbjd2obzy06of9sh9ui6p4j2bslubttkh51mmv0cafbqqmp:latest/test/true_vs_pred_table.table.json","path":"media/table/test/true_vs_pred_table_86_5d0e3abd329c7486f411.table.json","ncols":2,"nrows":44,"_type":"table-file","sha256":"5d0e3abd329c7486f41145ecbcbcf59edcbeff22885a41deb21a773f02035ec1","size":1494},"spearman_corr":0.17451712205896752,"pearson_corr":0.25499069690704346,"train/loss":2.3715935548146567,"test/pearson_corr":0.2397264540195465,"test/mae":2.03495454788208,"val/rmse":1.5177978199497661,"test/loss":2.4608378410339355,"test/spearman_corr":0.2375491034421018,"val/mae":1.9075924158096313,"_wandb":{"runtime":179},"_timestamp":1.7401515378197174e+09,"_runtime":179.116344763,"histogram_table":{"path":"media/table/histogram_table_84_2da09208b3d73e1ef601.table.json","ncols":1,"nrows":3192,"_type":"table-file","sha256":"2da09208b3d73e1ef601f3c6a44959b55adea80eea3637bec0059a9eb76ded52","size":74038,"artifact_path":"wandb-client-artifact://x99juyy5t4t375tpv7a2vk57z8qcshw135715mtpje0x248su974i93wauso3dmf3kdssztxk53l006asn2v4bjg9bytxhzdo8g4kc1y154jk6z4ialpzy97f9qoy7e5/histogram_table.table.json","_latest_artifact_path":"wandb-client-artifact://5d2pmp8pt8av0utonut6qzmqmnzw9o6h5eu25pmr8blf88e2nzxhft5cww8wjh08h59h386rri8ghpa943vhcgimxbd5iny4wx0sztmrqx4i2vb288szxezle5dke9hs:latest/histogram_table.table.json"},"test/rmse":1.568705785363825,"epoch":840}