{"histogram_table":{"path":"media/table/histogram_table_52_73f51d480fd75191016b.table.json","ncols":1,"nrows":2356,"_type":"table-file","sha256":"73f51d480fd75191016bfe338cdae471b73a6868da88a551d496f82f5b383066","size":45846,"artifact_path":"wandb-client-artifact://l094hwep7kf1s3sk9wllhaucdqdam8i1j3rjadbjp1mk1r54k7ti5dcx5baishnsme10rl5k5kx42hjr6wpk1u27qnhgduxzico9n9wpiqhylnolzhwduodud71zaqy0/histogram_table.table.json","_latest_artifact_path":"wandb-client-artifact://xkicf01ydzxxcd0uc61htmadsqqbniyod1b6mp2nfbi9krwby4swsb9e4lnri4rbgy0ry4ev4c36th6z15vi1cp4wni4ddw2yuqm90mb77azf4t90nbzeyd631qjxhnh:latest/histogram_table.table.json"},"spearman_corr":-0.14687766952162395,"epoch":10,"_timestamp":1.7401532627166631e+09,"_wandb":{"runtime":222},"val/loss":3.6456539630889893,"val/mae":3.2243058681488037,"_step":72,"train/loss":3.7877085208892822,"_runtime":222.259640489,"pearson_corr":-0.18991468846797943,"val/rmse":1.9093595688316514}