{"_runtime":31.961468588,"val_mae":4.335381031036377,"test_mae":4.1462554931640625,"train_loss":5.118553002675374,"pearson_corr":-0.09316520392894745,"prediction distribution_table":{"_latest_artifact_path":"wandb-client-artifact://zmjvqgbbsfu9of5z8d78azfpu8uf03u9usf0caubpmw09szdv8xikg5llodnsi45qwxhd6d6d5p8p70m5sho3f6li5vihytg9v5gpxpfahuwcpmvkba3bhirn95e3d2y:latest/prediction distribution_table.table.json","path":"media/table/prediction distribution_table_19_71ab3a4d73a93634e431.table.json","ncols":1,"nrows":380,"_type":"table-file","sha256":"71ab3a4d73a93634e431a93a72c4031323261e789c9136e5380e7b8e40378f66","size":1980,"artifact_path":"wandb-client-artifact://uvllnboidusr6dv9vj6z0qsncn0fc5h1zdxomctnf8pepk9fa40thq6yvc7qpp8f6nyz0tbhtzod4h2l4x61oircfpe53wnxgld6e7hiqcse7kyawmdf576258fwstp1/prediction distribution_table.table.json"},"epoch":100,"test_affinity_table_table":{"artifact_path":"wandb-client-artifact://nin7ntslud44kqtahj0pq17ewvfln98hlhspt71p1f3fbyzwyrz1wd3j061f6t1mmfrrsy1mz2vi9bhymluxt7asq9hxhe481dccggjg4t74wmcp26bf0hvxyao4sglq/test_affinity_table_table.table.json","_latest_artifact_path":"wandb-client-artifact://var001sxn13yesp0nhpob8qelw7xl2gjtaq45i9d3ccwepd2c46nkusyb000opx90tz4dsfndw2gli9q0oiz3xlf5tpz3c9kcztdo20speybi01topzvw6yu53926k4w:latest/test_affinity_table_table.table.json","path":"media/table/test_affinity_table_table_21_a6c0ef72f8bbbf35fcf3.table.json","ncols":2,"nrows":44,"_type":"table-file","sha256":"a6c0ef72f8bbbf35fcf37e01eaedacc06b47ea1518a03d77db969f0afcde1147","size":1500},"test_loss":0,"val_loss":4.7849836349487305,"_step":21,"val_rmse":2.187460544775318,"test_pearson_corr":0.053681567311286926,"_timestamp":1.7401441601334045e+09,"spearman_corr":-0.07165984709060305,"test_spearman_corr":0.03693424674412744,"_wandb":{"runtime":31},"test_rmse":0}