{"_runtime":46.838236693,"_step":9,"epoch":100,"train/loss":6.31476286219226,"val/loss":5.459072430928548,"_wandb":{"runtime":46},"lr":0.0006916503744663625,"_timestamp":1.7392798226484423e+09}