{"val/loss":2.3795535564422607,"lr":0.01,"_timestamp":1.7400692907236338e+09,"_wandb":{"runtime":115},"_runtime":115.33716478,"_step":51,"epoch":520,"train/loss":2.6171624660491943}