{"_step":31,"epoch":32,"train/loss":4.211161137777778e+08,"val/loss":4.52111184e+08,"lr":0.0009938503261272714,"_timestamp":1.7389468135217009e+09,"_runtime":47.203780508,"_wandb":{"runtime":47}}