{"histogram_table":{"nrows":6574,"_type":"table-file","sha256":"f9a7920b90c33bda50afd37ad0c8cfb981f71d3b85f29d5374729f5da7fb5062","size":46727,"artifact_path":"wandb-client-artifact://9ztqrkjqw13lsdv8x6hdhxwc1p06f6aeatn38o2zb2a0mrs50zk5r0uz25gd139typ88xmap9qugov3zun3f87sjwy1jf4irlkm72w6lv4hfgx39yeatfu8flkha5pdj/histogram_table.table.json","_latest_artifact_path":"wandb-client-artifact://2nkinjblw2rwtwasvq5phb1shi4pzqkawk9wm3gz0uj3lm10sw03btz60hwfdgdfglu6491pb8xeus22kd3bjwqbvtwj1f37krdzc6vi6tmawb8o3o8cgnd3ldx36imt:latest/histogram_table.table.json","path":"media/table/histogram_table_53_f9a7920b90c33bda50af.table.json","ncols":1},"val/mae":6.82035493850708,"_timestamp":1.7401559020087402e+09,"spearman_corr":-0.007782219377886194,"train/loss":7.121005588107639,"_step":273,"val/loss":6.750335454940796,"pearson_corr":-0.030853386968374252,"_runtime":484.617700819,"epoch":10,"val/rmse":2.598140768884703,"_wandb":{"runtime":485}}