{"Pearson":-0.5001147985458374,"_runtime":130.070940317,"train/loss":2.5539271036783853,"val/loss":2.390350103378296,"lr":0.01,"RMSE":3.0512542724609375,"_timestamp":1.7401328901389372e+09,"_wandb":{"runtime":130},"epoch":600,"_step":81}