{"train/loss":6.115847455130683,"val/loss":5.4451398849487305,"lr":0.001,"_timestamp":1.7392811553249362e+09,"_runtime":10.157012192,"_wandb":{"runtime":10},"_step":0,"epoch":10}