{"train/loss":4.203504782222222e+08,"val/loss":4.49412832e+08,"_wandb":{"runtime":164},"lr":0.0006916503744663625,"_timestamp":1.7391815567327662e+09,"_runtime":164.765530874,"_step":99,"epoch":100}