{"_timestamp":1.739279753501517e+09,"_wandb":{"runtime":123},"_runtime":121.129386661,"_step":0,"epoch":10,"train/loss":6.067021661334568,"val/loss":5.407040596008301,"lr":0.001}