{"pearson_corr":0.1779172718524933,"_wandb":{"runtime":32},"train/loss":4.692017555236816,"test/loss":0,"epoch":100,"test/rmse":0,"spearman_corr":0.16283296518881019,"_timestamp":1.740148043688923e+09,"val/loss":4.803938865661621,"test/pearson_corr":0.10038652271032333,"test/spearman_corr":0.11854472656913208,"test_affinity_table_table":{"_latest_artifact_path":"wandb-client-artifact://sd54vhtgld1axjc8earhrhabsf10ys6di7ejzcnba953amiq4sffo2qcq23top7jnsg9pzf9we7b5acrpwejysk9jprhsrfwcfx6sciuwfyu7w9o3x2mpo0499lym5is:latest/test_affinity_table_table.table.json","path":"media/table/test_affinity_table_table_21_37b8a9f5b024b317c9f9.table.json","ncols":2,"nrows":44,"_type":"table-file","sha256":"37b8a9f5b024b317c9f9bb82b116e510366be2839aafe2da083cffeb4e35d0d2","size":1514,"artifact_path":"wandb-client-artifact://r44tvm0hfg4dtw900gczo81hnhe9nay9izi3i01d90mgquksknfy14bscxyfj1m82r0onsq7fmsy298da14kcipqtmtloofjlvg577y74tu4fen66v3djujov8y9qup5/test_affinity_table_table.table.json"},"val/mae":4.394026279449463,"_runtime":32.229778661,"val/rmse":2.1917889646728357,"_step":21,"histogram_table":{"path":"media/table/histogram_table_19_8b8123b1788a9a26bc8c.table.json","ncols":1,"nrows":380,"_type":"table-file","sha256":"8b8123b1788a9a26bc8c13037a700fe31bd0844a0113a9675f6e9780ef025d31","size":8084,"artifact_path":"wandb-client-artifact://c71ucb3sufyyki1ai3nsa6ofexr0r9dtuciy69d4ikgv5zm7r60uqpecekxe5d8jtyh7covwbqasazwzjalarj4hzq5bwg9tph0kwea0zucaqy2dy93qq0qkyexqwl4a/histogram_table.table.json","_latest_artifact_path":"wandb-client-artifact://iz52szptan09j8j4vpzdydwg0dno7xbbfg7fs5bf84q0f7ma6unxhhrr0ojch2zbn0wp3ei8b2505lb3v3hyjxbpkzmsvu8srre2mlxgy6wp2m4bfxr42fpfw6iigv3x:latest/histogram_table.table.json"},"test/mae":4.2370758056640625}