{"train/loss":4.19762016e+08,"val/loss":4.49630688e+08,"lr":0.0006916503744663625,"_timestamp":1.7391823800911841e+09,"_runtime":146.775706146,"_step":99,"epoch":100,"_wandb":{"runtime":146}}