{"val_rmse":2.2965037766020036,"pearson_corr":0.12793280184268951,"_timestamp":1.7401439039264343e+09,"test_spearman_corr":-0.0483003324221025,"test_mae":4.731191635131836,"train_loss":5.357880751291911,"test_affinity_table_table":{"size":1560,"artifact_path":"wandb-client-artifact://17phxiqbqmcesss2um27f71y7ovqq886ikdtfv9jq2ilw0ba1m505tpf9bkjs01e7ead7ol7rir6ihc79d8jvrrcta5hio6kj8m7nscjhx5saui9xy16hs51nag6i3ck/test_affinity_table_table.table.json","_latest_artifact_path":"wandb-client-artifact://erwcdfkvww3ogl5ysaiao1k767fpj89r7vjh3hj48o4h1c6emlcwt7leolkfn3up3ovupda4fvnztorxasmmov610bkhnkssjeffm6hfc4u921a76pm004w1vnxml2bm:latest/test_affinity_table_table.table.json","path":"media/table/test_affinity_table_table_21_c1469f2fb5254519d1d9.table.json","ncols":2,"nrows":44,"_type":"table-file","sha256":"c1469f2fb5254519d1d9db7b1edc12762d0b9e5856406008a32a4f4bfd2a6bef"},"test_loss":0,"spearman_corr":0.1250850705615647,"_step":21,"val_mae":4.880354404449463,"prediction distribution_table":{"artifact_path":"wandb-client-artifact://1jtcve9jz66zgmg0jsq32tz4fbf8cpejy4glvb7yx25hmqhao1sbc3chfv4jc7sy4e0thc1118ah55y0f9wq6f74c8hf34frhl39wrbja7rbvbl6khvyxeljyzgaatbf/prediction distribution_table.table.json","_latest_artifact_path":"wandb-client-artifact://jgc15sq1kn8iwj9ng771rdh5pl0cohms1prgruwghfmhsne5u36kscvcs2702kxrwwpf27ccd21c5qwvg0m4g7jt6et4lfx65afxnt2po7j16i2j6v5stb72ejqe3sv9:latest/prediction distribution_table.table.json","path":"media/table/prediction distribution_table_19_28c8895491c6fb7d688c.table.json","ncols":1,"nrows":380,"_type":"table-file","sha256":"28c8895491c6fb7d688c5e880c1e13c804cc63560389b670d685631d3e65c0dc","size":2005},"epoch":100,"_wandb":{"runtime":33},"test_rmse":0,"_runtime":33.226241451,"test_pearson_corr":-0.0034206798300147057,"val_loss":5.273929595947266}