{"_step":100,"_wandb":{"runtime":498},"val/rmse":1.6654709420877323,"_runtime":498.027965777,"val/true_vs_pred_table":{"sha256":"92f62c3c1dc642c4beab56189ddb840183fcf747138ff7826117f59566ace4dd","size":1603,"artifact_path":"wandb-client-artifact://afs3jwdy8dk3l7omwo7f4kwnparop4nzqiv89dzcz8x9bpch7ml4k5yxso5yksl5rpxunxdx16u33q0bqar4dos98jq5ll0p02381ee0nu3bsv8vwjwucxbvygokto6v/val/true_vs_pred_table.table.json","_latest_artifact_path":"wandb-client-artifact://uue4gh3s2eil090p4wbjdj33rqwmw9hfhfp3ie9deokr1c4pu5e0d1vu34h3fkrcyjfl0r4odt8addie2r4rx81ccq0nie6rpte9hvj3kn5qygprt6e7jliy5ed8oa0f:latest/val/true_vs_pred_table.table.json","path":"media/table/val/true_vs_pred_table_100_92f62c3c1dc642c4beab.table.json","ncols":2,"nrows":38,"_type":"table-file"},"train/loss":2.7454238891601563,"val/mae":2.3056914806365967,"_timestamp":1.7404047912686615e+09,"val/loss":2.7737934589385986,"epoch":1000,"lr":6.653968578831942e-05,"val/pearson_corr":-0.004403725266456604,"val/spearman_corr":0.024680752884153355}