{"lr":0.0006916503744663625,"_wandb":{"runtime":47},"_timestamp":1.739280044656602e+09,"_runtime":47.415388358,"_step":9,"epoch":100,"train/loss":6.242945358364119,"val/loss":5.434433698654175}