{"lr":0.0006916503744663625,"_timestamp":1.7392821395411913e+09,"_runtime":49.01014556,"_step":9,"_wandb":{"runtime":49},"epoch":100,"train/loss":6.487839089499579,"val/loss":5.600965658823649}