{"_wandb":{"runtime":48},"epoch":100,"train/loss":6.276176775702172,"val/loss":5.435235341389974,"lr":0.0006916503744663625,"_timestamp":1.7392804523473783e+09,"_runtime":48.120846679,"_step":9}