{"epoch":10,"train/loss":6.910460595555556e+08,"val/loss":6.828332906666666e+08,"lr":0.001,"_timestamp":1.7391995389457269e+09,"_runtime":33.314638053,"_step":0,"_wandb":{"runtime":33}}