{"_step":10,"val/mae":1.9586654901504517,"train/loss":2.399831533432007,"_wandb":{"runtime":33},"val/rmse":1.5293374086662166,"epoch":100,"val/loss":2.3388729095458984,"val/pearson_corr":0.08970997482538223,"_runtime":33.643145424,"val/true_vs_pred_table":{"nrows":38,"_type":"table-file","sha256":"2ef4b8c4fd1a3c34a2fa1a4f724f8a9ae14ffeca2fd8ff20ffa97a91abbf2f92","size":1301,"artifact_path":"wandb-client-artifact://h7kbkwzy5b78rqnvo25biuxszfdj73p7h8u9lbm8l00ecbik2minz0n44fzbfpm23woovgizjhu7cwi4qoenju79gy2ems8vkvcaour7lbaup1gdziauesfap6z1brtn/val/true_vs_pred_table.table.json","_latest_artifact_path":"wandb-client-artifact://opgcpk0nx1vm3rdfietfwbx9vcqhan2tm2e5e6g5706l0csqcpv8mfr1gzvz2yxddygot9r9rtl0007ykxexq2c5uvajyj0pm26vvzp0dg47eqp1o005cpafyv3536d8:latest/val/true_vs_pred_table.table.json","path":"media/table/val/true_vs_pred_table_10_2ef4b8c4fd1a3c34a2fa.table.json","ncols":2},"_timestamp":1.7403919942626915e+09,"val/spearman_corr":NaN}