{"_runtime":205.25289562,"_wandb":{"runtime":205},"epoch":370,"val/pearson_corr":0.14863166213035583,"train/loss":2.4286110401153564,"val/rmse":1.5233241112399987,"val/loss":2.320516347885132,"val/mae":1.9276211261749268,"val/true_vs_pred_table":{"path":"media/table/val/true_vs_pred_table_37_9b973c55c31d11b3c1b0.table.json","ncols":2,"nrows":38,"_type":"table-file","sha256":"9b973c55c31d11b3c1b0de903d18a0b727ed3efe0a31839f3e6a532ecc00098f","size":1250,"artifact_path":"wandb-client-artifact://hq1n0s58w10fcwk8ymd819klg756b4l5xqao6tc8w8n15qgxc62z4zywjf7td0mzntcjf1assiphspam7rskm949c3tmn3to96csj1hxrom2j5y1kxwcrhva3bwyueru/val/true_vs_pred_table.table.json","_latest_artifact_path":"wandb-client-artifact://48tuwsde2khns9ur1mnchdml8d85ozih458j7xlazav05agi64bzf1lke8m6p1vpouqwid23raivkr8qkodsptybiaurk9sm0h159ap2v87h260p61m7wyeiawi9hqtm:latest/val/true_vs_pred_table.table.json"},"val/spearman_corr":-0.025919691597983355,"_timestamp":1.74039305156498e+09,"_step":37}