{"epoch":300,"train/loss":2.5474080085754394,"_step":30,"_wandb":{"runtime":83},"val/spearman_corr":-0.19801771937022575,"val/loss":2.3223254680633545,"_timestamp":1.7403909324139094e+09,"val/pearson_corr":-0.16304701566696167,"train/histogram_table":{"_latest_artifact_path":"wandb-client-artifact://57f4zhqo43e7b2c0ofg2uv0dn3f9dwuuck8kxam87w8141tcmn0flfksic2w06fztasa4u060opxoz8gnmhq1du1x0bjmewwwfsuse4wnzys0r8ll5g2ktwzq6fhbkam:latest/train/histogram_table.table.json","path":"media/table/train/histogram_table_30_ffe8e5f55770f78dfeca.table.json","ncols":1,"nrows":30,"_type":"table-file","sha256":"ffe8e5f55770f78dfeca8f612b82606cca3e76acfd0ab175d767baced42ce44a","size":14069,"artifact_path":"wandb-client-artifact://h7lkqj9c7avfi8xym4jxj1fdgu0lgc4v2zpe9rttiyumkfa00v3tuugck3lrtkr93v93lsutr8p3c3pg58yk8yz21f338qg54oqfbahgkddh3z9ok43yrclhbvb903v7/train/histogram_table.table.json"},"_runtime":83.110122343,"val/mae":1.9267988204956055,"val/rmse":1.5239178022660391}