{"val/mae":1.9223612546920776,"lr":6.653968578831942e-05,"val/loss":2.320202350616455,"epoch":1000,"val/true_vs_pred_table":{"sha256":"446940c9174abbbfa0f171cdf7959d9a437048b68ff13efbf9c2f49040784619","size":1605,"artifact_path":"wandb-client-artifact://0jshb4fvhcn5idyj50yzbhmkyvd7179uje93o2j55dh6rc9xwpndo4s5383iiknenoff1oaewn2qlvg18rjajc0uvnzufd25nze494egz43c1t426inpx5a1op004btt/val/true_vs_pred_table.table.json","_latest_artifact_path":"wandb-client-artifact://79p89xn23i5c0g38tc101u9n3zm7m87n4r7ic8rtcleswnrfthxq52epm91nxvwqwfw7c0yidc06paorjokf2im0t5eu0c4wwu1x2yaigrtiagusm4m7rugzop6gubh4:latest/val/true_vs_pred_table.table.json","path":"media/table/val/true_vs_pred_table_100_446940c9174abbbfa0f1.table.json","ncols":2,"nrows":38,"_type":"table-file"},"val/pearson_corr":0,"_runtime":231.662069926,"train/loss":2.432715916633606,"_step":100,"_timestamp":1.740405432341909e+09,"val/rmse":1.5232210445685337,"val/spearman_corr":0,"_wandb":{"runtime":231}}