{"lr":0.00020690126647990973,"_timestamp":1.7391829384933565e+09,"_runtime":23.548231961,"_step":23,"epoch":24,"_wandb":{"runtime":23},"train/loss":4.41547864e+08,"val/loss":4.90423328e+08}