{"_step":3,"test/pearson_corr":-0.06621187180280685,"test/spearman_corr":0.03835479469582464,"_timestamp":1.740150074744323e+09,"histogram_table":{"artifact_path":"wandb-client-artifact://i7jalz823jfrqa9jamb7kxn20aj9vbfa4af31gquvulciz0c60sq557se8sxiz2n7nhr8sjjzixq5vjzq7y5lp1jq61fuvoopfd869wuac3x6pv2nyrrwriy2urinunb/histogram_table.table.json","_latest_artifact_path":"wandb-client-artifact://9qn0bc5kwx23uyq3z08xmin9innzywd4eoeh0odpcv78u5ez8cjsvas3x59s7980rta4yw89wigxfp8ag32z0k8jkx0gegrub85wgmxcp6hxixyxkmicw8m5e06r8zwl:latest/histogram_table.table.json","path":"media/table/histogram_table_1_4980c0252efdeae19f1d.table.json","ncols":1,"nrows":38,"_type":"table-file","sha256":"4980c0252efdeae19f1d54338ef84a41590319720f1c638e21cabcada8fee23b","size":915},"test/rmse":2.771590872634523,"val/mae":7.493795871734619,"_wandb":{"runtime":11},"test/true_vs_pred_table":{"sha256":"b737cbf50f46bfb743a6afd20c636b1488ea7c08506050168841f3641ab628c1","size":1603,"artifact_path":"wandb-client-artifact://36k8jyi0ow9svnd4y1p6xjgdyjg3n4ivchfqrcig81m0l6u4qgjxlmht6bsvumit7ndes4231rbifuvpja280dwskpmg09fm1ylczed2k7njn4oxxpj85r34l3wzwn6l/test/true_vs_pred_table.table.json","_latest_artifact_path":"wandb-client-artifact://qrmcpn7uk6i46b2bhf3lynmr38cbbf2g5pfefjhohp0ki88fkn5ub6jo2s9m8iqyq1dzdtz0e2g8hy8kyqwup00h01tann7idour98y1yuz8rlzuwlxwhtln7oy4f20l:latest/test/true_vs_pred_table.table.json","path":"media/table/test/true_vs_pred_table_3_b737cbf50f46bfb743a6.table.json","ncols":2,"nrows":44,"_type":"table-file"},"epoch":10,"test/mae":7.258792400360107,"pearson_corr":0.22265532612800598,"test/loss":7.681715965270996,"val/loss":7.824914455413818,"_runtime":11.65204486,"val/rmse":2.797304855644772,"spearman_corr":0.1946666590096961,"train/loss":6.692036787668864}