{"lr":0.01,"_wandb":{"runtime":28},"epoch":100,"RMSE":1.5214866399765015,"val/loss":5.713159084320068,"Pearson":0.5000534057617188,"train/loss":5.080428123474121,"_timestamp":1.7401327165872138e+09,"_runtime":28.393528896,"_step":31}