{"_wandb":{"runtime":32},"val/loss":4.49870944e+08,"lr":0.0005786390152875954,"_timestamp":1.739182504606959e+09,"_runtime":32.287307487,"_step":18,"epoch":19,"train/loss":4.28101024e+08}