{"epoch":20,"train/loss":6.755649129549663,"val/loss":5.411621173222859,"_wandb":{"runtime":15},"lr":0.0005005000000000001,"_timestamp":1.7392799853292341e+09,"_runtime":13.925702105,"_step":1}