{"val/rmse":2.1906276686539226,"test/loss":0,"test/pearson_corr":0.013840431347489357,"_timestamp":1.7401484985545685e+09,"train/loss":5.0528842608133955,"val/mae":4.363290309906006,"test/rmse":0,"_runtime":30.20597815,"histogram_table":{"artifact_path":"wandb-client-artifact://shq7r0lrbvgvi657h98f10h51cje3dp2lmx1ykzijmrdnscwtni4im3cfr4f5s7oxqd8jxzfv5g07hdzdlrv4ir74eao2njxog8aptvycnrqfwp5x37v2z165plumh34/histogram_table.table.json","_latest_artifact_path":"wandb-client-artifact://qu7243v53atr2oqx5l9grzydau7kycl0pr8nmjf8kx7iwhgqurgvczmmezg3mqsopxr3m1szr2hdevrqawc7ypj0k3zxn0j6pkxc0bbwzklg11m9xolaogxunql9ekvx:latest/histogram_table.table.json","path":"media/table/histogram_table_10_1deb338dce1047847c61.table.json","ncols":1,"nrows":380,"_type":"table-file","sha256":"1deb338dce1047847c61e578c5bf42c368c501402fa41c2bee31763313b18f3a","size":8844},"pearson_corr":-0.018572673201560974,"test/mae":4.163744926452637,"test/spearman_corr":-0.03090018475661493,"spearman_corr":0.011896980044522155,"_wandb":{"runtime":30},"val/loss":4.798849582672119,"test_affinity_table_table":{"_type":"table-file","sha256":"aeb7063cfdcd76022193ad606812695e311fb1a59e0274941594a61a452862ea","size":1510,"artifact_path":"wandb-client-artifact://ztp99pobf9u74tujx5d1hbdy40f7o725c2behvwzkozzdpa6ekeg9hps75qzy8dk3c5nsht95raslrl63z1kdl6ma9ogihgz2ragona7d7dmgtaawuajtwwa4kuueltr/test_affinity_table_table.table.json","_latest_artifact_path":"wandb-client-artifact://v42evasc434b63tym2iw5smr9yz5qbijaakwlpwlb7qpaeibd8k1qkk5p7p3iwn6h9z1oqb8rhbfsus83osi8c8vhidbirqhl6yju9zwbfh179116royuf7600322m78:latest/test_affinity_table_table.table.json","path":"media/table/test_affinity_table_table_12_aeb7063cfdcd76022193.table.json","ncols":2,"nrows":44},"epoch":100,"_step":12}