{"_timestamp":1.7392807301789653e+09,"_runtime":126.856702077,"_wandb":{"runtime":129},"_step":2,"epoch":30,"train/loss":6.001544536815749,"val/loss":5.409490744272868,"lr":0.001}