{"val/mae":2.29176664352417,"train/loss":2.810568332672119,"val/rmse":1.6496344103529226,"val/loss":2.7212936878204346,"_runtime":321.977613125,"_step":100,"val/true_vs_pred_table":{"artifact_path":"wandb-client-artifact://7aw5d206ipx5fltwzmxec4was7plwfphpj78kym6vwn8mph5jshms6sjisj3vs84f42s25r7tgmxkh2sxfh5vhn3lb3n2odaoyn8u6o55tmrpajhes065oa0rcq5d93y/val/true_vs_pred_table.table.json","_latest_artifact_path":"wandb-client-artifact://xawwj5b9tgtd4rbq11kq2svsn01xbq4p8g2zmmijfugj5lvlkl0sbjgmxzyjgagk18c2z7ipmsboqp4siumoo1ylosjel5al5fso3g478digdi0lksgxs0mw31en28ox:latest/val/true_vs_pred_table.table.json","path":"media/table/val/true_vs_pred_table_100_bc393f7440601e76fcfa.table.json","ncols":2,"nrows":38,"_type":"table-file","sha256":"bc393f7440601e76fcfab9ea2da17cd58b1bcfab9df62df670419f83404c9067","size":1604},"_timestamp":1.7404048659734852e+09,"epoch":1000,"val/spearman_corr":0.12507138285888525,"_wandb":{"runtime":321},"lr":6.653968578831942e-05,"val/pearson_corr":0.11502186208963394}