{"_step":9,"_wandb":{"runtime":61},"epoch":100,"train/loss":6.380736509958903,"val/loss":5.717980861663818,"lr":0.0006916503744663625,"_timestamp":1.7392816109053814e+09,"_runtime":61.799570045}