{"_timestamp":1.7389472067850287e+09,"_runtime":120.847410177,"_step":99,"_wandb":{"runtime":120},"epoch":100,"train/loss":4.368668053333333e+08,"val/loss":4.50641792e+08,"lr":0.0006916503744663625}