{"test/pearson_corr":-0.06621406972408295,"pearson_corr":-0.2227022796869278,"_step":21,"epoch":100,"test/mae":4.036036968231201,"train/loss":4.767892678578694,"_runtime":33.104610197,"val/rmse":2.159972253727195,"spearman_corr":-0.1633243681885967,"val/loss":4.665480136871338,"histogram_table":{"ncols":2,"nrows":22,"_type":"table-file","sha256":"fc1c92f90de4298ecbf33d2e3e32759522d1cf306ac1c3e412582a0b59560bdb","size":279,"artifact_path":"wandb-client-artifact://qcs7kjwzru0sgs43z1utuhj11oryph63t20zo3g5f5vdj1j5m4n4b7zcaola2k82zism2vnwf8f8iqhaap7spsordf9e92h4ipxeov65pjvq0krs9pot1oapcf3qskxv/histogram_table.table.json","_latest_artifact_path":"wandb-client-artifact://7btwoahpu0takl89wzl2svwmr0saydktf2epyocvqx97t2hnk9i7u7z94hht3a1xgf0hpqpy7zjict3s5wziq52y8gyqumh1ohwm2lfauzxq019va9mlt5fhp6pbtne7:latest/histogram_table.table.json","path":"media/table/histogram_table_19_fc1c92f90de4298ecbf3.table.json"},"test/loss":0,"test/spearman_corr":-0.04702345139587433,"test/rmse":0,"val/mae":4.195550918579102,"_wandb":{"runtime":33},"_timestamp":1.740147349969395e+09,"test_affinity_table_table":{"nrows":44,"_type":"table-file","sha256":"0ae3c724944face5644a1c0685e8a2fa61f61bb0d0927b969483437676347b29","size":1521,"artifact_path":"wandb-client-artifact://88o8cdhn4zmlrta9dc6zpgm7qjhrek2ycnha7wssy4hmx3gdts1pzusaucas99aqa4y0c1cph3jpbysjxambiawc7x32jbs1zf3v2cmve1exymkcp9j0vjzhukoydph4/test_affinity_table_table.table.json","_latest_artifact_path":"wandb-client-artifact://yyvmym0077mgx7oirogq8n5e4zqjdr35e6dp31um1am627wr89etmr26mov35lsjy9yp4vfxgd2lvqdph4np39vikjrkqcom7n9gwml2pb3uaego24ym8hskh8ztu3da:latest/test_affinity_table_table.table.json","path":"media/table/test_affinity_table_table_21_0ae3c724944face5644a.table.json","ncols":2}}