{"_timestamp":1.740069127671333e+09,"_runtime":113.830971023,"_wandb":{"runtime":113},"_step":49,"epoch":500,"train/loss":2.5762974421183267,"val/loss":2.419393301010132,"lr":0.01}