{"pearson_corr":-0.12296394258737564,"val/mae":4.231478214263916,"test/pearson_corr":0.17801295220851898,"_step":21,"_timestamp":1.7401478428644137e+09,"epoch":100,"train/loss":5.263778845469157,"test/loss":0,"test/spearman_corr":0.16282348612235048,"test/mae":3.9759111404418945,"spearman_corr":-0.3352096460780252,"test/rmse":0,"val/rmse":2.1633234517949878,"_wandb":{"runtime":32},"histogram_table":{"_type":"table-file","sha256":"8b8123b1788a9a26bc8c13037a700fe31bd0844a0113a9675f6e9780ef025d31","size":8084,"artifact_path":"wandb-client-artifact://bh2ojgemmzhpipczj7t2p0fowxtf2eckc3d5biwh1mbf5xbg47sh4z7omf92p7wsd2crscjkm6fp8oagzpz954s5of044r0eqs7za6bokxhz5u8685xzvroay8qnad6q/histogram_table.table.json","_latest_artifact_path":"wandb-client-artifact://n2p8y6z7k2on9fvbzu08sdiwcl60h97uu0kutz25g5iiugygkhnszdzluuctnenpc4ppk6wumujospqh6z9v3plc2llvd61xhcwx9xloj1i2lfgvy42ay5mjls3t3qdm:latest/histogram_table.table.json","path":"media/table/histogram_table_19_8b8123b1788a9a26bc8c.table.json","ncols":1,"nrows":380},"val/loss":4.679968357086182,"_runtime":32.881595707,"test_affinity_table_table":{"_latest_artifact_path":"wandb-client-artifact://rao22qrw0damshu5vdwnri44p5tzrplr0u8tiifcfm2k6elsc3g8nluxm27qeeeo70khosr4zwlzc2c5v4yqo36bqjogg2bkkmfrkh3fj47n6kt30u6hvgptedkjj04v:latest/test_affinity_table_table.table.json","path":"media/table/test_affinity_table_table_21_01e0fb5026986c7237fc.table.json","ncols":2,"nrows":44,"_type":"table-file","sha256":"01e0fb5026986c7237fcd38476347b6bc05519ed9acbe71c336af02b88ffeeaf","size":1511,"artifact_path":"wandb-client-artifact://tbe5oodu4x7gsjlr5dbchymxzf4rt9oey4jx93dsttj3w5mojmwu3b59g3xjcjope1nims8hfqvxamgurhi9uwhj3f72euj1t52yzbax2h323dybo9oilkh2bkl5kmrs/test_affinity_table_table.table.json"}}