{"test_affinity_table_table":{"nrows":44,"_type":"table-file","sha256":"f3a8623eac281820c20192ce3564d2687b7d4605c1ee3e5c90855f9f3bca1af5","size":1499,"artifact_path":"wandb-client-artifact://0r9xeoa6i64yn52zv5uyf4quu4sgxtz3c04u0y9myg8l74nnufd2h2v3wqbg7ol0dz4ic4a79dily4hiacdqr91nau90sitw3pwyq1idnuxgbsssejaaguzz6gpvb9r6/test_affinity_table_table.table.json","_latest_artifact_path":"wandb-client-artifact://2fjkqnjwrnt02jx64jw4smbcpxjiustsobm2f2j7xtp5otrcbfd7qlsp0s47dyo55erngsu4noz605pm1sqozm250jvseimqxklkyia7etw8lqshtjlm6mapy2svyogs:latest/test_affinity_table_table.table.json","path":"media/table/test_affinity_table_table_21_f3a8623eac281820c201.table.json","ncols":2},"test/loss":0,"train/loss":5.017295201619466,"_step":21,"_timestamp":1.7401445523902276e+09,"test/mae":4.14035177230835,"prediction_distribution_table":{"ncols":1,"nrows":380,"_type":"table-file","sha256":"a122ead661b4c33d4e12f9b77105b07752150d033deea8b9b72c1472ce762169","size":2034,"artifact_path":"wandb-client-artifact://9biwj6dgd5r7vrssz8n0bj8gle1ha8jsd1nf0m35hn6nbbhv1odp5xde3wkhq6xsb15dvnfutf3qvknfue6uhxq6owdcdugj5j95r25pqidnjz9xfcffojzfj65mseyy/prediction_distribution_table.table.json","_latest_artifact_path":"wandb-client-artifact://k9vzc232efcsw1s8j7ljoakpdfowqqrfhrrdcks4tce0agu0ooz0a3pwjcb6kxej8anyzdojp849kcpqlhy5fuk6wb3bez197ozzrp6r3jzsl4y66n13s0m5kgifc110:latest/prediction_distribution_table.table.json","path":"media/table/prediction_distribution_table_19_a122ead661b4c33d4e12.table.json"},"epoch":100,"val/rmse":2.170267511921796,"spearman_corr":0.12824687454427933,"test/pearson_corr":0.08253108710050583,"_runtime":33.083402715,"pearson_corr":0.22848990559577942,"val/loss":4.710061073303223,"_wandb":{"runtime":33},"val/mae":4.303462982177734,"test/spearman_corr":0.07791980098095065,"test/rmse":0}