{"epoch":3000,"_wandb":{"runtime":2510},"train/loss":0.33061543272601235,"val/loss":2.6088806788126626,"lr":0.0009257519189560801,"_timestamp":1.7395306659406784e+09,"_runtime":2510.308103732,"_step":299}