{"_wandb":{"runtime":74},"train/loss":4.286976337777778e+08,"val/loss":4.915340373333333e+08,"lr":0.0006916503744663625,"_timestamp":1.7391830377235434e+09,"_runtime":74.494247827,"_step":99,"epoch":100}