{"_timestamp":1.7392810009524276e+09,"_runtime":136.435037601,"_step":4,"epoch":50,"train/loss":6.112336695194244,"val/loss":5.404739220937093,"lr":0.0005005000000000001,"_wandb":{"runtime":140}}