{"_timestamp":1.74039166314836e+09,"_runtime":33.95542882,"test/true_vs_pred_table":{"nrows":38,"_type":"table-file","sha256":"efc1f3c7edd78cbc658a551fb6b2014dd2c646d77869be4dd1f057b57a1c20f6","size":1301,"artifact_path":"wandb-client-artifact://8e1wybew32pkwdqk8gztt6j8k0pnukmlb4egi7bmzj22uw6s1pq9736sordrh8w9wyau7pprk84ut8z4iu9ajyasjz7kd3w2in0738wrvagmoprqkmg81ppxjnfgmhle/test/true_vs_pred_table.table.json","_latest_artifact_path":"wandb-client-artifact://ic89ib6olrmk69sbix4ynitwe7hnm2e8qxy2x1gkmbt3qzdncx4he755sb67dbq174rlfti1eso8rzsyyhxdgr5a0vsjaff0d256wwjp0y68wiaedrcjuf7d5t9rl6gg:latest/test/true_vs_pred_table.table.json","path":"media/table/test/true_vs_pred_table_10_efc1f3c7edd78cbc658a.table.json","ncols":2},"train/loss":2.405215096473694,"val/spearman_corr":-0.09900885968511287,"val/mae":1.9755240678787231,"val/loss":2.3502776622772217,"epoch":100,"_wandb":{"runtime":33},"val/pearson_corr":-0.1440448760986328,"_step":10,"val/rmse":1.533061532449765}