{"histogram_table":{"nrows":1140,"_type":"table-file","sha256":"95eed27e5a1b2c5784868606f17f182359a8eec9d1cb9429de4f1b4f159a1943","size":16505,"artifact_path":"wandb-client-artifact://b64lqzkvs8o5cviapug2gyrrxzwf38o17y0qw5qkst0szkhexezc3i3o9cysj0nrt7xu44ftopg65n8f2zv5lgh3qu5wb0u5l5qrbem393m7l7w9eltqy6oqvmcmou0l/histogram_table.table.json","_latest_artifact_path":"wandb-client-artifact://ai6f7x46bedzt3re4gt6gl14nat7crsdwtzcjvge0q2ab8xonsrw7u0w82kae5yoe1d6dfuay4e77bp0s9vgeic6yodjguxgtatthfo61cvgjh8esmepbp2hiivoo3mq:latest/histogram_table.table.json","path":"media/table/histogram_table_30_95eed27e5a1b2c578486.table.json","ncols":1},"_runtime":81.717238233,"spearman_corr":0.30646638847826624,"val/loss":2.304736614227295,"epoch":300,"_wandb":{"runtime":81},"val/mae":1.9097346067428589,"val/rmse":1.5181359011061213,"_timestamp":1.7403901935737844e+09,"train/loss":2.526859188079834,"pearson_corr":0.2783818542957306,"_step":30}