{"train/loss":2.51719331741333,"val/spearman_corr":NaN,"val/rmse":1.5238417651463907,"_timestamp":1.740392272201117e+09,"_step":32,"_wandb":{"runtime":85},"val/mae":1.9265931844711304,"val/pearson_corr":0.25814104080200195,"val/true_vs_pred_table":{"ncols":2,"nrows":38,"_type":"table-file","sha256":"66b8e18282454710abc74b1c2d8a4c572487012c71f9c9da7c8d667aef1253aa","size":1187,"artifact_path":"wandb-client-artifact://aq13ji5jzqgm22ovfrcslontxsgpavlvcq4z0encfp80mzobipzk5kdk0rah232vzbjt6qszyzm9gyag4w6bvrjm670i694wai1mb6gg5hokc5mnms1qh5q6ubkfqjtv/val/true_vs_pred_table.table.json","_latest_artifact_path":"wandb-client-artifact://bxr1qzuv6lb6tg4uu0niufemcdhnf2a9ud03npcjrkmm1uxfz5pw96cxudcvfojaz3r77a1h487s4545w1aawrqzty9qzxe13mie29gw0s194pkdzc9hw0faie3nqw0u:latest/val/true_vs_pred_table.table.json","path":"media/table/val/true_vs_pred_table_32_66b8e18282454710abc7.table.json"},"_runtime":85.090210679,"epoch":320,"val/loss":2.3220937252044678}