{"_timestamp":1.7391825295574443e+09,"_runtime":16.251623445,"_step":7,"epoch":8,"train/loss":5.962205724444444e+08,"val/loss":6.01181024e+08,"lr":9.639601130971382e-05,"_wandb":{"runtime":17}}