{"_step":36,"val/true_vs_pred_table":{"ncols":2,"nrows":38,"_type":"table-file","sha256":"40837bc73b861b8853c16c00b24a9cea24e7dfd88a9fe14d2098ec6fe187dc5c","size":1300,"artifact_path":"wandb-client-artifact://dj05xcxzjnngcaq7qwik3p7lb5l6hh6sx8z84c04usrgglm3m06lh72ulfqq8fqwjvpjofswyg3m4xho8tw7potx372oi4tby13ghmbou4vhpavd3y9n6uko32lu32zj/val/true_vs_pred_table.table.json","_latest_artifact_path":"wandb-client-artifact://n0vasengjyonzkl8bjibfr42ns28l9ybl73kqdvc14to74jn024kjrk9fvinfbjfqo8j7brlc7tdy2k1j6y0oxhejw2oagmenmr8dc1hvfuc8h8w8wwgtkli33dq63xg:latest/val/true_vs_pred_table.table.json","path":"media/table/val/true_vs_pred_table_36_40837bc73b861b8853c1.table.json"},"val/rmse":1.5234012697264387,"val/spearman_corr":0.19801771937022575,"_wandb":{"runtime":221},"epoch":360,"val/mae":1.9239205121994019,"val/pearson_corr":0.16304698586463928,"_runtime":221.594412342,"val/loss":2.320751428604126,"_timestamp":1.7403926927439132e+09,"train/loss":2.5283092498779296}