{"epoch":100,"train/loss":4.45010672e+08,"val/loss":4.92898816e+08,"lr":0.0006916503744663625,"_timestamp":1.739183262834227e+09,"_runtime":65.513281475,"_step":9,"_wandb":{"runtime":65}}