{"_step":37,"val/loss":2.320981740951538,"train/loss":2.41364963054657,"epoch":370,"val/rmse":1.5234768593423196,"val/mae":1.9241260290145874,"_runtime":96.364798124,"val/spearman_corr":0,"val/true_vs_pred_table":{"artifact_path":"wandb-client-artifact://h3le6f8pbpmqqyox4sfw0x42z7hopxfy4mlew22jclyyzv7qj2zioepb4vtrs6bchqdztoqaboy9biqoq10xry658ope6wyvdcwu1q5i9knu237wn43trqjq7coeq2me/val/true_vs_pred_table.table.json","_latest_artifact_path":"wandb-client-artifact://dyxebnfeu0hwt5ezkvdwkniuy24relr0kzx6vis7m60qzkrkaj217a9poz58dy4wtkb3x6xrouksf23ihhi5h18rkorhco8tsnurir60dm0fvx1976vzyp09gn95b7ha:latest/val/true_vs_pred_table.table.json","path":"media/table/val/true_vs_pred_table_37_71764036f30c9f6f807f.table.json","ncols":2,"nrows":38,"_type":"table-file","sha256":"71764036f30c9f6f807f2e67d62375eb6dab6549308f16b4a090daaaf5f50a3e","size":1301},"val/pearson_corr":0,"_timestamp":1.7403951639980805e+09,"_wandb":{"runtime":96}}