{"_step":64,"epoch":65,"train/loss":4.280267315555556e+08,"val/loss":4.897642026666667e+08,"_wandb":{"runtime":153},"lr":3.902217351061228e-05,"_timestamp":1.7391828996302931e+09,"_runtime":151.813820177}