{"_wandb":{"runtime":12},"_step":9,"train/loss":4.254460728888889e+08,"val/loss":4.51716656e+08,"epoch":10,"_timestamp":1.738945977090607e+09,"_runtime":12.818141261}