{"val/loss":5.350462277730306,"lr":0.0008536998372026805,"_timestamp":1.7392817424169173e+09,"_runtime":28.171703742,"_step":3,"epoch":40,"train/loss":6.062552140818702,"_wandb":{"runtime":33}}