{"_wandb":{"runtime":83},"spearman_corr":0.17322906556578332,"train/loss":2.559677743911743,"val/rmse":1.5214810842691466,"val/loss":2.3149046897888184,"pearson_corr":0.15631906688213348,"val/mae":1.9179582595825195,"_runtime":83.75663724099999,"histogram_table":{"path":"media/table/histogram_table_30_1864a456a20ddfe63a6f.table.json","ncols":1,"nrows":1140,"_type":"table-file","sha256":"1864a456a20ddfe63a6f9506f5bba1df400a4b2b988b9c0aaa4f6448dcc8d879","size":16764,"artifact_path":"wandb-client-artifact://wu55q1pvskle8w8v98nhjhtjewdem65evqr7dbq825xa647ffunbfkvgkyulbo2wnslo2tqxs66gm4g2lie756h0d5qtrp0qnxr8cn0djv5wo7w4zyw9xw8phxxf1h1n/histogram_table.table.json","_latest_artifact_path":"wandb-client-artifact://3f71m5szz4nseh888z6l6klygon4h007aq43wc56kpk2529p94d8pinu20sgp4kuka2xlinymtgy94pfzn17bu1stt2gphpneotfq4aczvlqqgscxw4e76p81dnfq0wc:latest/histogram_table.table.json"},"_timestamp":1.7403898090093727e+09,"_step":30,"epoch":300}