{"_runtime":95.546546985,"val/rmse":1.523589376068331,"val/true_vs_pred_table":{"artifact_path":"wandb-client-artifact://frgmbeqbo4lc1s1fcis93gxwei6l31cgm82ogxwazzeap4buot07vd5y4q5abbb3drbac7nywq5t3vr5fou1jgefg64jkorfapcj2xa6fofwj08bowxhxt9susprfn7t/val/true_vs_pred_table.table.json","_latest_artifact_path":"wandb-client-artifact://sbiirh0jm77mvycl3ve5wd8grvjkljx0fyzu9rzurh2i7o3qbo0h5zoff6bycodgun0f2p7p6moz210n58vin6tfsfphg9kbocf47oz3pmn57zdtgk5ojsz17fkv873b:latest/val/true_vs_pred_table.table.json","path":"media/table/val/true_vs_pred_table_37_984990ff64b9bbed4ed9.table.json","ncols":2,"nrows":38,"_type":"table-file","sha256":"984990ff64b9bbed4ed91b03c3070a3043f0c15ead19d21fb0c252d296a8b303","size":1295},"val/loss":2.321324586868286,"val/mae":1.9272099733352661,"_step":37,"_timestamp":1.7403941296438832e+09,"val/spearman_corr":0.21816465589401746,"val/pearson_corr":0.16745240986347198,"_wandb":{"runtime":95},"train/loss":2.4234097957611085,"epoch":370}