{"train/loss":4.29904672e+08,"val/loss":4.50488096e+08,"epoch":10,"_timestamp":1.7389449284395704e+09,"_runtime":61.174423395,"_step":109,"_wandb":{"runtime":61}}