{"_timestamp":1.739281109495071e+09,"_runtime":47.45802111,"_wandb":{"runtime":47},"_step":9,"epoch":100,"train/loss":6.178574957884848,"val/loss":5.410351753234863,"lr":0.0006916503744663625}